fy,fy_start,status,total_farm_m,livestock_and_products_m,livestock_slaughter_m,cattle_value_m,sheep_value_m,pigs_value_m,poultry_value_m,cattle_volume_kt,sheep_volume_kt,pigs_volume_kt,poultry_volume_kt
2015-16,2015,historical,57108.591,29317.51,19199.638,11916.491,3011.936,1353.102,2747.076,2343.521,712.525,377.643,1230.823
2016-17,2016,historical,62007.178,28459.789,18744.814,11112.133,3332.013,1341.942,2721.131,2068.617,669.605,397.139,1266.345
2017-18,2017,historical,59906.455,30079.703,18641.857,10925.044,3711.944,1145.793,2682.755,2237.675,735.007,417.427,1231.535
2018-19,2018,historical,61348.636,31347.696,19666.238,11455.392,4056.013,1221.682,2774.57,2351.793,731.837,414.47,1279.773
2019-20,2019,historical,61580.278,33080.627,22240.407,13012.564,4679.421,1519.077,2819.199,2371.605,689.719,402.704,1286.305
2020-21,2020,historical,72035.515,31550.365,21181.072,12276.63,4239.541,1556.568,2928.598,1932.598,656.75,432.246,1333.664
2021-22,2021,historical,88137.574,35051.115,24336.548,14480.99,4845.009,1565.188,3172.706,1877.884,677.64,438.627,1402.278
2022-23,2022,historical,94502.988,36351.285,24290.111,14281.461,4467.715,1673.247,3670.101,2014.61,778.239,453.426,1417.233
2023-24,2023,estimate,83283.968,34782.895,23127.801,12974.182,4086.132,1833.762,4056.796,2396.915,915.523,468.433,1489.017
2024-25,2024,estimate,95074.768,40838.193,29734.735,17701.356,5616.624,2013.828,4150.257,2763.093,919.306,472.828,1570.591
2025-26,2025,estimate,104643.989,49220.049,37419.384,23622.13,7066.595,2080.536,4179.294,3001.11,764.523,473.299,1623.285
